roster_nation,club_appearances,club_minutes,club_goals,club_assists,club_passes_total,club_passes_key,club_shots_total,club_shots_on_target,club_tackles_total,club_duels_total,club_duels_won,club_avg_rating,intl_appearances,intl_minutes,intl_goals,intl_assists,intl_passes_total,intl_passes_key,intl_shots_total,intl_shots_on_target,intl_tackles_total,intl_duels_total,intl_duels_won,intl_avg_rating
Algeria,89.6923076923077,6065.653846153846,11.0,8.916666666666666,2886.75,84.04347826086956,80.5,39.95454545454545,108.04347826086956,617.125,309.375,6.239122654368668,17.55,1189.7,2.4,0.7,369.15,7.647058823529412,7.529411764705882,3.933333333333333,12.88888888888889,63.55,33.2,4.899713483302904
Argentina,121.53846153846153,8683.26923076923,19.384615384615383,12.423076923076923,4787.7692307692305,109.4,124.65217391304348,64.04347826086956,147.46153846153845,839.9230769230769,444.38461538461536,7.0147595985907465,13.692307692307692,815.0769230769231,2.1538461538461537,1.2173913043478262,344.9166666666667,8.363636363636363,10.944444444444445,5.882352941176471,11.0,55.708333333333336,29.5,5.596911847953913
Australia,84.6923076923077,5966.576923076923,6.269230769230769,5.6923076923076925,2757.8846153846152,48.48,52.21739130434783,23.695652173913043,97.36,547.1923076923077,290.84615384615387,6.373643402987546,8.916666666666666,594.125,0.782608695652174,0.21052631578947367,233.6086956521739,3.9375,5.642857142857143,3.1818181818181817,7.55,48.72727272727273,26.181818181818183,5.718686357277403
Austria,93.88461538461539,6499.692307692308,7.0,6.6923076923076925,3233.3076923076924,55.5,58.130434782608695,25.82608695652174,110.88461538461539,579.9615384615385,299.0,6.771343300399151,19.76,1325.52,2.72,1.8,577.1739130434783,13.85,15.777777777777779,9.1875,21.0,104.3913043478261,52.04347826086956,5.46589616626331
Belgium,134.03846153846155,9922.038461538461,14.26923076923077,13.192307692307692,5164.846153846154,108.5,93.30434782608695,46.91304347826087,151.30769230769232,837.9230769230769,448.9230769230769,6.8030779811889,18.76923076923077,1277.7692307692307,3.44,2.0434782608695654,540.2083333333334,17.6,14.904761904761905,8.2,14.818181818181818,99.26086956521739,53.34782608695652,4.969652660555563
Bosnia & Herzegovina,102.38461538461539,6581.7307692307695,12.538461538461538,6.04,2591.56,51.08,72.65217391304348,34.69565217391305,83.91666666666667,557.64,278.76,5.7398190703125005,24.083333333333332,1497.25,2.7083333333333335,1.0,496.4782608695652,13.9,19.238095238095237,9.15,18.238095238095237,128.69565217391303,65.95652173913044,5.342294400828837
Brazil,132.76923076923077,9862.73076923077,20.692307692307693,10.115384615384615,5034.423076923077,95.88461538461539,127.34782608695652,62.30434782608695,156.8,946.6923076923077,495.0769230769231,7.020035491547172,9.307692307692308,603.3846153846154,1.28,0.6818181818181818,268.5,8.0,7.642857142857143,4.333333333333333,10.05,45.04761904761905,23.142857142857142,4.259491751858199
Canada,105.96153846153847,7341.7692307692305,13.76923076923077,7.1923076923076925,3193.1923076923076,59.0,67.08695652173913,37.72727272727273,98.46153846153847,644.0,324.0769230769231,6.3891169236099845,20.0,1122.32,1.48,1.0833333333333333,414.1666666666667,11.090909090909092,10.409090909090908,5.947368421052632,24.304347826086957,109.29166666666667,55.833333333333336,6.359095561905445
Cape Verde Islands,87.5,5459.692307692308,8.307692307692308,4.653846153846154,2028.3846153846155,50.69565217391305,59.21739130434783,26.863636363636363,72.3076923076923,530.0769230769231,262.46153846153845,6.274983753355242,27.695652173913043,1764.391304347826,2.391304347826087,1.6,668.0,15.4,16.4,8.11111111111111,27.857142857142858,178.8095238095238,85.71428571428571,5.0031787526196885
Colombia,119.03846153846153,8934.653846153846,17.923076923076923,11.346153846153847,3892.653846153846,102.57692307692308,130.1304347826087,62.130434782608695,137.34615384615384,910.4615384615385,454.84615384615387,6.773515634160579,9.961538461538462,656.3461538461538,1.3461538461538463,0.8,212.28,7.0,6.705882352941177,3.642857142857143,10.894736842105264,43.5,21.958333333333332,5.052350140989814
Congo DR,94.5,6340.7692307692305,11.0,4.769230769230769,2460.5,53.28,65.34782608695652,31.73913043478261,83.1923076923077,536.1923076923077,262.65384615384613,6.6920853659942034,16.73913043478261,1066.2173913043478,1.434782608695652,0.5454545454545454,263.5652173913044,6.714285714285714,8.473684210526315,4.0,12.19047619047619,70.21739130434783,34.0,5.122614401356175
Croatia,110.65384615384616,7615.346153846154,16.423076923076923,8.692307692307692,3769.6153846153848,83.42307692307692,94.73913043478261,46.30434782608695,91.11538461538461,648.5769230769231,333.7307692307692,6.936492393050991,21.576923076923077,1383.923076923077,2.769230769230769,1.12,636.52,15.869565217391305,15.173913043478262,7.913043478260869,16.130434782608695,106.58333333333333,54.5,5.690939290762821
Curaçao,79.04,4837.4,6.2,5.375,1739.64,42.916666666666664,39.56521739130435,19.59090909090909,83.69565217391305,430.16,212.16,6.078114559222383,11.090909090909092,747.1363636363636,0.9047619047619048,0.7777777777777778,251.94736842105263,6.933333333333334,5.705882352941177,3.142857142857143,13.176470588235293,61.470588235294116,30.647058823529413,4.739425268595519
Czechia,98.65384615384616,6869.038461538462,15.423076923076923,7.846153846153846,2451.423076923077,64.76,82.43478260869566,40.869565217391305,79.32,555.4230769230769,287.5,6.630954086393321,18.24,1271.56,2.08,1.0909090909090908,477.45454545454544,12.68421052631579,13.368421052631579,7.9375,17.8,109.54545454545455,56.13636363636363,4.882420797540671
Ecuador,114.8076923076923,7185.038461538462,9.076923076923077,5.0,3179.230769230769,56.73076923076923,69.78260869565217,33.21739130434783,101.15384615384616,632.3846153846154,320.2307692307692,6.498600808152353,10.291666666666666,690.8333333333334,1.173913043478261,1.0,320.04545454545456,10.176470588235293,9.444444444444445,4.8125,13.333333333333334,65.3913043478261,32.391304347826086,6.356488580811195
Egypt,92.79166666666667,6571.541666666667,13.708333333333334,7.583333333333333,2588.25,69.04347826086956,93.9047619047619,44.857142857142854,82.33333333333333,525.25,277.75,6.816021619066562,19.157894736842106,1348.6842105263158,2.6315789473684212,1.0526315789473684,356.2631578947368,13.0,10.714285714285714,6.833333333333333,14.058823529411764,72.44444444444444,38.0,4.581242064347096
England,126.11538461538461,9352.115384615385,26.03846153846154,14.23076923076923,4329.153846153846,106.34615384615384,130.56521739130434,73.8695652173913,122.26923076923077,863.0769230769231,441.46153846153845,6.997438320959959,19.307692307692307,1291.1923076923076,3.576923076923077,1.6,629.6,13.045454545454545,13.608695652173912,10.117647058823529,13.227272727272727,85.68,45.56,5.646000768866144
France,133.6153846153846,9802.153846153846,22.76923076923077,15.807692307692308,5353.846153846154,121.42307692307692,132.08695652173913,71.04347826086956,143.34615384615384,914.8846153846154,479.53846153846155,7.008506169736981,21.92,1538.32,2.72,1.7826086956521738,759.4583333333334,19.130434782608695,18.571428571428573,9.15,22.318181818181817,110.375,63.130434782608695,5.54060815100174
Germany,119.5,8936.846153846154,17.23076923076923,14.038461538461538,5301.884615384615,117.96153846153847,104.30434782608695,55.82608695652174,122.3076923076923,749.6923076923077,378.9230769230769,7.059930223359799,20.03846153846154,1278.3076923076924,2.8076923076923075,1.3846153846153846,591.4230769230769,15.25,12.095238095238095,6.428571428571429,14.0,77.75,39.91304347826087,5.460788695563997
Ghana,103.11538461538461,7161.192307692308,9.884615384615385,6.384615384615385,2920.48,53.38461538461539,70.69565217391305,33.17391304347826,110.07692307692308,749.56,367.12,6.400270010772194,11.083333333333334,704.7916666666666,1.2083333333333333,0.18181818181818182,153.0,5.285714285714286,7.090909090909091,3.4444444444444446,6.947368421052632,43.095238095238095,20.476190476190474,4.818067081037509
Haiti,77.91666666666667,4903.416666666667,7.0,3.857142857142857,1475.7142857142858,36.4,52.31578947368421,25.944444444444443,60.095238095238095,471.2857142857143,221.23809523809524,4.881644797216859,13.944444444444445,1013.5,2.7777777777777777,1.0714285714285714,336.73333333333335,10.615384615384615,20.0,11.2,14.142857142857142,101.21428571428571,44.357142857142854,4.958973371310699
Iran,66.45833333333333,4562.041666666667,10.833333333333334,4.125,1000.625,46.2,56.19047619047619,30.0,45.27272727272727,368.5652173913044,181.43478260869566,4.7765442513337115,10.0,541.7272727272727,1.2857142857142858,0.8,190.1875,7.0,5.714285714285714,3.4,7.153846153846154,41.3125,21.0625,3.2928473133140472
Iraq,52.08,3221.88,4.666666666666667,3.5714285714285716,1177.2380952380952,39.72222222222222,41.77777777777778,19.666666666666668,61.421052631578945,387.04761904761904,188.9,4.944699428583923,7.863636363636363,511.72727272727275,0.9090909090909091,3.0,158.46153846153845,5.545454545454546,6.888888888888889,4.285714285714286,10.1,62.166666666666664,30.75,2.532697037217874
Ivory Coast,99.3076923076923,6987.807692307692,11.23076923076923,8.807692307692308,3346.230769230769,72.64,82.3913043478261,41.21739130434783,97.8076923076923,667.0769230769231,331.7692307692308,6.833539454991541,17.32,1162.92,1.6521739130434783,0.7083333333333334,447.2083333333333,9.0,8.75,3.75,12.590909090909092,78.95652173913044,42.52173913043478,5.113376441399855
Japan,116.03846153846153,8459.5,18.5,7.5,3190.269230769231,75.96153846153847,99.91304347826087,50.65217391304348,100.3076923076923,690.5,337.3076923076923,6.627634235221406,11.125,652.3333333333334,1.5833333333333333,0.7391304347826086,294.0833333333333,7.666666666666667,6.526315789473684,4.2,8.8,47.541666666666664,25.08695652173913,6.624793841591438
Jordan,26.25,1835.45,2.6315789473684212,1.631578947368421,485.0,15.2,23.428571428571427,14.181818181818182,24.823529411764707,143.78947368421052,69.42105263157895,5.413668912895124,13.0625,873.125,1.1875,0.7272727272727273,209.15384615384616,7.222222222222222,7.9,4.222222222222222,13.333333333333334,63.53846153846154,31.923076923076923,2.94942221851467
Mexico,107.65384615384616,7931.2692307692305,17.615384615384617,9.384615384615385,3414.923076923077,87.23076923076923,115.0,55.69565217391305,124.03846153846153,779.9230769230769,394.7307692307692,6.878711888224719,17.423076923076923,1112.0,1.8461538461538463,1.0833333333333333,450.5769230769231,12.476190476190476,12.380952380952381,6.0,20.782608695652176,104.83333333333333,54.458333333333336,6.209005761985436
Morocco,100.11538461538461,7096.346153846154,12.307692307692308,8.076923076923077,3106.153846153846,72.68,82.08695652173913,44.26086956521739,109.76,613.9615384615385,308.84615384615387,6.456100400866327,18.952380952380953,1239.6190476190477,3.3333333333333335,1.736842105263158,530.7894736842105,17.8,16.571428571428573,8.461538461538462,18.941176470588236,102.57894736842105,53.55555555555556,5.311410899965051
Netherlands,123.42307692307692,8725.692307692309,17.692307692307693,10.846153846153847,4452.153846153846,97.38461538461539,107.47826086956522,56.21739130434783,125.6,767.7307692307693,396.2692307692308,7.037807473298414,21.16,1337.92,3.6,1.826086956521739,593.0416666666666,14.666666666666666,14.571428571428571,8.052631578947368,13.727272727272727,87.75,46.416666666666664,5.216846296495984
New Zealand,86.88461538461539,6196.461538461538,10.5,4.538461538461538,2178.269230769231,45.12,52.08695652173913,26.52173913043478,74.92307692307692,459.03846153846155,231.3846153846154,5.9840215099836,11.12,730.32,0.56,0.125,191.16666666666666,2.611111111111111,3.388888888888889,2.142857142857143,8.35,40.90909090909091,20.40909090909091,5.61543540385773
Norway,112.57692307692308,8201.538461538461,16.76923076923077,9.76923076923077,3406.8846153846152,86.11538461538461,93.08695652173913,50.30434782608695,110.23076923076923,712.1538461538462,361.34615384615387,6.616864436677067,21.6,1366.72,3.88,2.1666666666666665,563.5833333333334,15.285714285714286,14.619047619047619,7.571428571428571,16.4,94.29166666666667,48.625,5.196064667798647
Panama,92.0,7068.52,11.56,6.125,2012.9583333333333,53.391304347826086,61.0,31.4,57.541666666666664,454.0,227.3913043478261,4.415387445284328,14.6,972.76,1.9565217391304348,0.8095238095238095,382.6666666666667,11.105263157894736,12.2,6.866666666666666,15.421052631578947,83.43478260869566,44.27272727272727,5.414882473792197
Paraguay,112.88,7936.96,17.88,8.96,2980.32,83.25,99.43478260869566,45.08695652173913,119.66666666666667,769.88,400.08,6.013340933612465,6.571428571428571,434.3809523809524,0.7142857142857143,0.4,138.3,3.764705882352941,5.133333333333334,2.5,7.222222222222222,30.05,16.736842105263158,5.5753245065619454
Portugal,139.0,10317.76923076923,21.884615384615383,17.46153846153846,5884.923076923077,138.53846153846155,140.17391304347825,69.65217391304348,161.1153846153846,893.2307692307693,464.11538461538464,6.97469695390129,25.583333333333332,1831.2916666666667,5.375,2.2916666666666665,883.2083333333334,22.818181818181817,23.55,12.578947368421053,20.9,112.69565217391305,61.5,5.52939956436892
Qatar,42.44,2536.96,3.6,3.16,821.12,24.043478260869566,19.272727272727273,10.2,26.5,139.8,73.96,5.498327436782063,13.333333333333334,728.2083333333334,1.3333333333333333,0.43478260869565216,172.91666666666666,5.857142857142857,5.3125,3.75,10.705882352941176,48.083333333333336,26.73913043478261,4.402924352931629
Saudi Arabia,149.91666666666666,8137.375,13.708333333333334,9.916666666666666,4005.2083333333335,82.4090909090909,79.28571428571429,40.23809523809524,193.5,767.875,414.7083333333333,6.3927784684795315,16.47826086956522,911.9130434782609,1.0,0.7142857142857143,372.5,10.125,7.875,4.538461538461538,16.25,67.14285714285714,34.80952380952381,4.934222391714602
Scotland,97.46153846153847,6644.923076923077,12.76923076923077,6.269230769230769,3134.423076923077,64.79166666666667,81.18181818181819,40.36363636363637,82.84615384615384,633.6923076923077,326.2307692307692,6.731392274847504,20.636363636363637,1360.3636363636363,2.0454545454545454,1.1904761904761905,512.6190476190476,11.444444444444445,11.823529411764707,6.333333333333333,16.27777777777778,111.66666666666667,57.57142857142857,5.806763537479619
Senegal,104.5,7132.2307692307695,12.538461538461538,6.6923076923076925,3052.846153846154,62.125,84.27272727272727,44.19047619047619,107.96153846153847,648.7692307692307,338.84615384615387,6.747056659559572,21.4,1403.92,2.36,1.25,404.3333333333333,12.736842105263158,11.227272727272727,7.055555555555555,18.2,94.0,49.333333333333336,4.486913083904518
South Africa,93.03846153846153,6717.692307692308,9.038461538461538,4.961538461538462,2551.8076923076924,48.19230769230769,65.56521739130434,29.652173913043477,75.96153846153847,460.5769230769231,230.73076923076923,6.106264779369452,15.541666666666666,1040.2083333333333,2.217391304347826,0.9545454545454546,443.5416666666667,13.38888888888889,12.210526315789474,6.5,15.142857142857142,81.17391304347827,41.52173913043478,6.401567713411963
South Korea,110.36,7066.76,10.96,7.48,2927.04,77.375,71.5,36.09090909090909,88.83333333333333,562.04,280.96,6.676363328479494,11.76,694.0,1.25,0.625,258.12,7.222222222222222,6.411764705882353,3.5625,8.409090909090908,50.5,24.0,5.974525056734176
Spain,133.65384615384616,9305.346153846154,17.615384615384617,14.846153846153847,4745.692307692308,123.3076923076923,111.56521739130434,55.26086956521739,140.0,808.6538461538462,416.5,6.886610964903596,18.846153846153847,1294.1153846153845,4.04,2.28,655.6,26.68421052631579,20.15,10.9,21.0,94.875,52.45454545454545,5.466477456922486
Sweden,115.5,7667.961538461538,16.384615384615383,9.26923076923077,3045.153846153846,74.92307692307692,88.82608695652173,46.69565217391305,100.53846153846153,690.9615384615385,344.6923076923077,6.723527208357861,16.0,1100.625,2.5416666666666665,1.0,390.2083333333333,9.681818181818182,12.157894736842104,7.8,10.476190476190476,75.16666666666667,37.416666666666664,5.949247046144013
Switzerland,105.5,7354.307692307692,10.038461538461538,6.576923076923077,3657.6923076923076,61.76,70.91304347826087,31.869565217391305,110.88,599.9230769230769,305.7307692307692,6.841881089663439,20.692307692307693,1410.7307692307693,3.1538461538461537,1.6,694.32,12.909090909090908,14.95,8.105263157894736,17.652173913043477,100.0,50.041666666666664,5.443121819449775
Tunisia,82.69565217391305,5362.478260869565,7.782608695652174,6.523809523809524,2080.590909090909,55.80952380952381,50.35,24.0,92.33333333333333,563.0909090909091,276.3181818181818,5.395250465038819,13.764705882352942,928.9411764705883,0.7647058823529411,0.5294117647058824,235.88235294117646,5.357142857142857,5.153846153846154,2.4545454545454546,9.583333333333334,50.76470588235294,25.176470588235293,5.266947485801196
Türkiye,108.23076923076923,7196.2692307692305,14.538461538461538,9.73076923076923,3469.730769230769,93.53846153846153,88.0,44.391304347826086,116.64,650.8076923076923,343.96153846153845,6.935434584656671,25.692307692307693,1619.0,2.8846153846153846,1.9230769230769231,718.8076923076923,18.333333333333332,17.318181818181817,9.421052631578947,26.681818181818183,125.53846153846153,67.38461538461539,6.07074479011606
USA,110.38461538461539,7688.384615384615,14.076923076923077,9.115384615384615,3357.846153846154,80.2,80.78260869565217,41.26086956521739,130.04,708.0769230769231,367.03846153846155,6.77732232476706,17.44,1107.08,2.36,1.08,432.56,9.173913043478262,8.909090909090908,4.85,11.956521739130435,65.4,30.84,5.872201807759669
Uruguay,124.07692307692308,8321.461538461539,14.24,11.076923076923077,3751.730769230769,100.48,103.1304347826087,49.52173913043478,145.84615384615384,826.2692307692307,429.2307692307692,6.883475394238232,9.576923076923077,562.8846153846154,1.28,0.72,164.52,4.590909090909091,4.619047619047619,2.8,9.695652173913043,42.4,21.84,5.396645848885607
Uzbekistan,68.4,4788.84,6.96,2.210526315789474,990.7894736842105,21.38888888888889,22.88888888888889,12.625,36.22222222222222,195.11111111111111,90.61111111111111,2.1278952569039715,7.869565217391305,472.04347826086956,0.5238095238095238,0.21428571428571427,141.15,3.0,3.8666666666666667,2.1,5.0,30.31578947368421,15.31578947368421,4.899970359310116
